Mor,Aft,Eve
3.48278625,6.621945992,4.368164341
3.619759166,7.508527081,7.284485695
3.7,7.2,7.3
4.209952222,7.512514092,7.4
3.71662108,7.223850766,7.3
4.118943824,7.692158948,7.4
3.902161493,7.180717509,5
